-- Generated by SQL Maestro for MySQL. Release date 06/03/2009
-- 27/04/2009 12:09:19
-- ----------------------------------
-- Alias: e-ventas at localhost
-- Database name: e-ventas
-- Host: localhost
-- Port number: 3306
-- User name: root
-- Server: 5.0.45-community-nt-log
-- Session ID: 15
-- Character set: utf8
-- Collation: utf8_general_ci
-- Client encoding: utf8


SET FOREIGN_KEY_CHECKS=0;

CREATE DATABASE `e-ventas`
  CHARACTER SET `utf8`
  COLLATE `utf8_general_ci`;

USE `e-ventas`;

/* Tables */
CREATE TABLE `barrios` (
  `id`         int AUTO_INCREMENT NOT NULL,
  `nombre`     varchar(255) NOT NULL,
  `ciudad_id`  int NOT NULL,
  PRIMARY KEY (`id`)
) ENGINE = InnoDB;

CREATE TABLE `categorias` (
  `id`            int NOT NULL,
  `nombre`        varchar(20),
  `descripcion`   text,
  `categoria_id`  int COMMENT 'Una categoria puede tener subcategorias y una subcategoria a la vez tener subcategorias.',
  PRIMARY KEY (`id`)
) ENGINE = InnoDB;

CREATE TABLE `ciudades` (
  `id`      int AUTO_INCREMENT NOT NULL,
  `nombre`  varchar(255) NOT NULL,
  PRIMARY KEY (`id`)
) ENGINE = InnoDB;

CREATE TABLE `ci_sessions` (
  `session_id`     varchar(40) NOT NULL DEFAULT '0',
  `ip_address`     varchar(16) NOT NULL DEFAULT '0',
  `user_agent`     varchar(50) NOT NULL,
  `last_activity`  int(10) UNSIGNED NOT NULL DEFAULT '0',
  `user_data`      text NOT NULL,
  PRIMARY KEY (`session_id`)
) ENGINE = MyISAM;

CREATE TABLE `clientes` (
  `id`         int AUTO_INCREMENT NOT NULL,
  `nombre`     varchar(255) NOT NULL,
  `apellido`   varchar(255) NOT NULL,
  `ci`         int NOT NULL,
  `telefono`   varchar(20),
  `direccion`  varchar(225) NOT NULL,
  `e_mail`     varchar(50),
  `ruc`        varchar(100) COMMENT 'ruc del cliente',
  `barrio_id`  int NOT NULL,
  PRIMARY KEY (`id`)
) ENGINE = InnoDB;

CREATE TABLE `comisiones` (
  `id`                  int AUTO_INCREMENT NOT NULL,
  `fecha_creacion`      timestamp NOT NULL DEFAULT CURRENT_TIMESTAMP,
  `vendedor_id`         int NOT NULL,
  `monto_ganado`        int NOT NULL DEFAULT '0' COMMENT 'Dinero ganado por venta.',
  `estado_id`           int NOT NULL,
  `pedido_id`           int NOT NULL,
  `fecha_modificacion`  timestamp NOT NULL DEFAULT '0000-00-00 00:00:00',
  PRIMARY KEY (`id`)
) ENGINE = InnoDB
  COMMENT = 'Un desembolso es lo que se le debe pagar a un vendedor por u';

CREATE TABLE `depositos` (
  `id`              int AUTO_INCREMENT NOT NULL,
  `banco`           int NOT NULL COMMENT 'nombre del banco depositado.',
  `fecha_deposito`  datetime NOT NULL COMMENT 'Fecha del deposito',
  `Monto`           int NOT NULL,
  `boleta`          int NOT NULL COMMENT 'numero de boleta',
  `fecha_creacion`  datetime NOT NULL,
  `pedido_id`       int NOT NULL,
  PRIMARY KEY (`id`)
) ENGINE = InnoDB;

CREATE TABLE `estados` (
  `id`           int NOT NULL,
  `nombre`       varchar(20) NOT NULL,
  `descripcion`  text COMMENT 'se guarda una descripcion del estado.',
  PRIMARY KEY (`id`)
) ENGINE = InnoDB
  COMMENT = 'define los estados que puede tener un pedido. Un estado no s';

CREATE TABLE `pedidos` (
  `id`                  int AUTO_INCREMENT NOT NULL,
  `estado_id`           int NOT NULL,
  `fecha_creacion`      timestamp NOT NULL DEFAULT CURRENT_TIMESTAMP,
  `vendedor_id`         int NOT NULL,
  `cliente_id`          int NOT NULL,
  `observacion`         text,
  `fecha_modificacion`  timestamp NOT NULL DEFAULT '0000-00-00 00:00:00',
  PRIMARY KEY (`id`)
) ENGINE = InnoDB
  COMMENT = 'Guarda todos los pedidos de compras que se han hecho.';

CREATE TABLE `pedido_tiene_producto` (
  `producto_id`      int NOT NULL,
  `pedido_id`        int NOT NULL,
  `cantidad`         int NOT NULL DEFAULT '0',
  `precio_unitario`  double NOT NULL DEFAULT '0',
  `comision_actual`  float DEFAULT '0',
  PRIMARY KEY (`producto_id`, `pedido_id`)
) ENGINE = InnoDB
  COMMENT = 'un pedido tiene muchos productos, y un producto tiene muchos';

CREATE TABLE `productos` (
  `id`            int AUTO_INCREMENT NOT NULL,
  `nombre`        varchar(20) NOT NULL,
  `categoria_id`  int,
  `precio`        double unsigned NOT NULL DEFAULT '0',
  `borrado`       tinyint(1) NOT NULL DEFAULT '0',
  `descripcion`   text,
  `imagen`        varchar(255),
  `comision`      float COMMENT 'La comision es un porcentaje del precio del producto que se le otorga al vendedor.',
  `cantidad`      int DEFAULT '0' COMMENT 'cantidad de productos',
  PRIMARY KEY (`id`)
) ENGINE = InnoDB;

CREATE TABLE `roles` (
  `id`      int AUTO_INCREMENT NOT NULL,
  `nombre`  varchar(100) NOT NULL,
  PRIMARY KEY (`id`)
) ENGINE = InnoDB;

CREATE TABLE `usuarios` (
  `id`             int AUTO_INCREMENT NOT NULL,
  `nombre`         varchar(255) NOT NULL,
  `username`       varchar(255) NOT NULL,
  `password`       varchar(255) NOT NULL,
  `rol_id`         int,
  `supervisor_id`  int,
  `borrado`        tinyint(1) NOT NULL DEFAULT '0',
  `fecha_nac`      datetime COMMENT 'fecha de nacimiento',
  `telefono`       varchar(20),
  `celular`        varchar(20),
  `direccion`      varchar(225) NOT NULL,
  `barrio_id`      int NOT NULL,
  `apellido`       varchar(255) NOT NULL,
  `email`          varchar(255),
  PRIMARY KEY (`id`)
) ENGINE = InnoDB
  COMMENT = 'Los vendedores son supervisados por un supervisor.';

CREATE TABLE `vendedores_tienen_clientes` (
  `vendedor_id`  int NOT NULL,
  `cliente_id`   int NOT NULL,
  PRIMARY KEY (`vendedor_id`, `cliente_id`)
) ENGINE = InnoDB;

CREATE TABLE `vendedor_tiene_productos` (
  `vendedor_id`  int NOT NULL,
  `producto_id`  int NOT NULL,
  PRIMARY KEY (`vendedor_id`, `producto_id`)
) ENGINE = InnoDB;

/* Indexes */
CREATE INDEX `barrio_pertenece_ciudad`
  ON `barrios`
  (`ciudad_id`);

CREATE INDEX `categoria_tiene_subcategoria`
  ON `categorias`
  (`categoria_id`);

CREATE UNIQUE INDEX `nombre`
  ON `categorias`
  (`nombre`);

CREATE UNIQUE INDEX `ci`
  ON `clientes`
  (`ci`);

CREATE INDEX `cliente_pertenece_barrio`
  ON `clientes`
  (`barrio_id`);

CREATE INDEX `desembolso_tiene_estado`
  ON `comisiones`
  (`estado_id`);

CREATE UNIQUE INDEX `id_pedido`
  ON `comisiones`
  (`pedido_id`);

CREATE INDEX `vendedor_tiene_desembolso`
  ON `comisiones`
  (`vendedor_id`);

CREATE INDEX `pedido_tiene_deposito`
  ON `depositos`
  (`pedido_id`);

CREATE UNIQUE INDEX `nombre`
  ON `estados`
  (`nombre`);

CREATE INDEX `cliente_tiene_pedidos`
  ON `pedidos`
  (`cliente_id`);

CREATE INDEX `pedido_tiene_estado`
  ON `pedidos`
  (`estado_id`);

CREATE INDEX `vendedor_realiza_pedidos`
  ON `pedidos`
  (`vendedor_id`);

CREATE INDEX `tiene_pedido`
  ON `pedido_tiene_producto`
  (`pedido_id`);

CREATE INDEX `producto_pertence_categoria`
  ON `productos`
  (`categoria_id`);

CREATE UNIQUE INDEX `nombre`
  ON `roles`
  (`nombre`);

CREATE INDEX `supervisor_supervisa_vendedores`
  ON `usuarios`
  (`supervisor_id`);

CREATE UNIQUE INDEX `username`
  ON `usuarios`
  (`username`);

CREATE INDEX `usuario_pertence_barrio`
  ON `usuarios`
  (`barrio_id`);

CREATE INDEX `usuario_tiene_rol`
  ON `usuarios`
  (`rol_id`);

CREATE INDEX `cliente_tiene`
  ON `vendedores_tienen_clientes`
  (`cliente_id`);

CREATE INDEX `con_productos`
  ON `vendedor_tiene_productos`
  (`producto_id`);

/* Foreign Keys */
ALTER TABLE `barrios`
  ADD CONSTRAINT `barrio_pertenece_ciudad`
  FOREIGN KEY (`ciudad_id`)
    REFERENCES `ciudades`(`id`)
    ON DELETE RESTRICT
    ON UPDATE RESTRICT;

ALTER TABLE `categorias`
  ADD CONSTRAINT `categoria_tiene_subcategoria`
  FOREIGN KEY (`categoria_id`)
    REFERENCES `categorias`(`id`)
    ON DELETE RESTRICT
    ON UPDATE CASCADE;

ALTER TABLE `clientes`
  ADD CONSTRAINT `cliente_pertenece_barrio`
  FOREIGN KEY (`barrio_id`)
    REFERENCES `barrios`(`id`)
    ON DELETE RESTRICT
    ON UPDATE RESTRICT;

ALTER TABLE `comisiones`
  ADD CONSTRAINT `desemboldo_tiene_pedido`
  FOREIGN KEY (`pedido_id`)
    REFERENCES `pedidos`(`id`)
    ON DELETE RESTRICT
    ON UPDATE RESTRICT;

ALTER TABLE `comisiones`
  ADD CONSTRAINT `desembolso_tiene_estado`
  FOREIGN KEY (`estado_id`)
    REFERENCES `estados`(`id`)
    ON DELETE RESTRICT
    ON UPDATE CASCADE;

ALTER TABLE `comisiones`
  ADD CONSTRAINT `vendedor_tiene_desembolso`
  FOREIGN KEY (`vendedor_id`)
    REFERENCES `usuarios`(`id`)
    ON DELETE RESTRICT
    ON UPDATE RESTRICT;

ALTER TABLE `depositos`
  ADD CONSTRAINT `pedido_tiene_deposito`
  FOREIGN KEY (`pedido_id`)
    REFERENCES `pedidos`(`id`)
    ON DELETE RESTRICT
    ON UPDATE CASCADE;

ALTER TABLE `pedidos`
  ADD CONSTRAINT `cliente_tiene_pedidos`
  FOREIGN KEY (`cliente_id`)
    REFERENCES `clientes`(`id`)
    ON DELETE RESTRICT
    ON UPDATE RESTRICT;

ALTER TABLE `pedidos`
  ADD CONSTRAINT `pedido_tiene_estado`
  FOREIGN KEY (`estado_id`)
    REFERENCES `estados`(`id`)
    ON DELETE RESTRICT
    ON UPDATE CASCADE;

ALTER TABLE `pedidos`
  ADD CONSTRAINT `vendedor_realiza_pedidos`
  FOREIGN KEY (`vendedor_id`)
    REFERENCES `usuarios`(`id`)
    ON DELETE RESTRICT
    ON UPDATE RESTRICT;

ALTER TABLE `pedido_tiene_producto`
  ADD CONSTRAINT `tiene_pedido`
  FOREIGN KEY (`pedido_id`)
    REFERENCES `pedidos`(`id`)
    ON DELETE CASCADE
    ON UPDATE CASCADE;

ALTER TABLE `pedido_tiene_producto`
  ADD CONSTRAINT `tiene_producto`
  FOREIGN KEY (`producto_id`)
    REFERENCES `productos`(`id`)
    ON DELETE CASCADE
    ON UPDATE CASCADE;

ALTER TABLE `productos`
  ADD CONSTRAINT `producto_pertence_categoria`
  FOREIGN KEY (`categoria_id`)
    REFERENCES `categorias`(`id`)
    ON DELETE CASCADE
    ON UPDATE CASCADE;

ALTER TABLE `usuarios`
  ADD CONSTRAINT `supervisor_supervisa_vendedores`
  FOREIGN KEY (`supervisor_id`)
    REFERENCES `usuarios`(`id`)
    ON DELETE CASCADE
    ON UPDATE CASCADE;

ALTER TABLE `usuarios`
  ADD CONSTRAINT `usuario_pertence_barrio`
  FOREIGN KEY (`barrio_id`)
    REFERENCES `barrios`(`id`)
    ON DELETE RESTRICT
    ON UPDATE RESTRICT;

ALTER TABLE `usuarios`
  ADD CONSTRAINT `usuario_tiene_rol`
  FOREIGN KEY (`rol_id`)
    REFERENCES `roles`(`id`)
    ON DELETE SET NULL
    ON UPDATE CASCADE;

ALTER TABLE `vendedores_tienen_clientes`
  ADD CONSTRAINT `cliente_tiene`
  FOREIGN KEY (`cliente_id`)
    REFERENCES `clientes`(`id`)
    ON DELETE CASCADE
    ON UPDATE CASCADE;

ALTER TABLE `vendedores_tienen_clientes`
  ADD CONSTRAINT `vendedor_tiene`
  FOREIGN KEY (`vendedor_id`)
    REFERENCES `usuarios`(`id`)
    ON DELETE CASCADE
    ON UPDATE CASCADE;

ALTER TABLE `vendedor_tiene_productos`
  ADD CONSTRAINT `con_productos`
  FOREIGN KEY (`producto_id`)
    REFERENCES `productos`(`id`)
    ON DELETE CASCADE
    ON UPDATE CASCADE;

ALTER TABLE `vendedor_tiene_productos`
  ADD CONSTRAINT `con_vendedores`
  FOREIGN KEY (`vendedor_id`)
    REFERENCES `usuarios`(`id`)
    ON DELETE CASCADE
    ON UPDATE CASCADE;

/* Data for table "barrios" */
INSERT INTO `barrios` (`id`, `nombre`, `ciudad_id`) VALUES (1, 'San Pablo', 1);
INSERT INTO `barrios` (`id`, `nombre`, `ciudad_id`) VALUES (2, 'Hipodromo', 1);
INSERT INTO `barrios` (`id`, `nombre`, `ciudad_id`) VALUES (3, 'Tamarandy', 3);
COMMIT;


/* Data for table "categorias" */
INSERT INTO `categorias` (`id`, `nombre`, `descripcion`, `categoria_id`) VALUES (1, 'Ejercicios', '', NULL);
INSERT INTO `categorias` (`id`, `nombre`, `descripcion`, `categoria_id`) VALUES (2, 'Corredoras', 'Son las maquinas para correr.', 1);
INSERT INTO `categorias` (`id`, `nombre`, `descripcion`, `categoria_id`) VALUES (3, 'Pastillas', 'Pastillas para todos...', NULL);
INSERT INTO `categorias` (`id`, `nombre`, `descripcion`, `categoria_id`) VALUES (4, 'Adelgazantes', 'Pastillas para adelgazar.', 3);
COMMIT;


/* Data for table "ciudades" */
INSERT INTO `ciudades` (`id`, `nombre`) VALUES (1, 'Asuncion');
INSERT INTO `ciudades` (`id`, `nombre`) VALUES (2, 'Fernando de la Mora');
INSERT INTO `ciudades` (`id`, `nombre`) VALUES (3, 'Luque');
COMMIT;


/* Data for table "ci_sessions" */
INSERT INTO `ci_sessions` (`session_id`, `ip_address`, `user_agent`, `last_activity`, `user_data`) VALUES ('ac1418b1258664924a32526020e00a1d', '127.0.0.1', 'Mozilla/5.0 (Windows; U; Windows NT 5.1; es-ES; rv', 1240847342, 'a:3:{s:2:\"id\";s:1:\"3\";s:6:\"nombre\";s:6:\"Homero\";s:6:\"rol_id\";s:1:\"5\";}');
COMMIT;


/* Data for table "clientes" */
COMMIT;


/* Data for table "comisiones" */
COMMIT;


/* Data for table "depositos" */
COMMIT;


/* Data for table "estados" */
COMMIT;


/* Data for table "pedidos" */
COMMIT;


/* Data for table "pedido_tiene_producto" */
COMMIT;


/* Data for table "productos" */
INSERT INTO `productos` (`id`, `nombre`, `categoria_id`, `precio`, `borrado`, `descripcion`, `imagen`, `comision`, `cantidad`) VALUES (2, 'Barny', 3, 10000, 0, 'Es un dinosaurio rosado que alegra a los niños en el corazon.', '/imagenes/sub-square-barney4.gif', 0.3, 0);
INSERT INTO `productos` (`id`, `nombre`, `categoria_id`, `precio`, `borrado`, `descripcion`, `imagen`, `comision`, `cantidad`) VALUES (21, 'hola', 2, 234444, 1, 'sdasdas', '/imagenes/Sin_foto.png', 0.1, 0);
INSERT INTO `productos` (`id`, `nombre`, `categoria_id`, `precio`, `borrado`, `descripcion`, `imagen`, `comision`, `cantidad`) VALUES (23, 'SIn Foto 2', 4, 21212, 1, 'No tiene joto...', '/imagenes/Sin_foto.png', 0, 0);
INSERT INTO `productos` (`id`, `nombre`, `categoria_id`, `precio`, `borrado`, `descripcion`, `imagen`, `comision`, `cantidad`) VALUES (24, 'One Touch Can Opener', 2, 85000, 0, 'Es un abre-latas...', '/imagenes/one_touch_1.jpg', 0, 0);
INSERT INTO `productos` (`id`, `nombre`, `categoria_id`, `precio`, `borrado`, `descripcion`, `imagen`, `comision`, `cantidad`) VALUES (25, 'Barny2', 1, 12123, 0, 'Es un dinosaurio rosado otra vez...', 'imagenes/sub-square-barney5.gif', 0.3, 0);
INSERT INTO `productos` (`id`, `nombre`, `categoria_id`, `precio`, `borrado`, `descripcion`, `imagen`, `comision`, `cantidad`) VALUES (26, 'Uno mas', 4, 23423, 0, 'Holis...', 'imagenes/Sin_foto.png', 0.4, 0);
INSERT INTO `productos` (`id`, `nombre`, `categoria_id`, `precio`, `borrado`, `descripcion`, `imagen`, `comision`, `cantidad`) VALUES (27, 'Otro Producto', 3, 1000, 0, 'Es otro producto...', 'imagenes/Sin_foto.png', 0.2, 0);
INSERT INTO `productos` (`id`, `nombre`, `categoria_id`, `precio`, `borrado`, `descripcion`, `imagen`, `comision`, `cantidad`) VALUES (72, 'Felipe', 1, 1000, 0, '', 'imagenes/Sin_foto.png', 0.5, 0);
INSERT INTO `productos` (`id`, `nombre`, `categoria_id`, `precio`, `borrado`, `descripcion`, `imagen`, `comision`, `cantidad`) VALUES (73, 'Felipe', 1, 1000, 0, '', 'imagenes/Sin_foto.png', 0.5, 0);
INSERT INTO `productos` (`id`, `nombre`, `categoria_id`, `precio`, `borrado`, `descripcion`, `imagen`, `comision`, `cantidad`) VALUES (74, 'Felipe', 1, 1000, 0, '', 'imagenes/Sin_foto.png', 0.5, 0);
INSERT INTO `productos` (`id`, `nombre`, `categoria_id`, `precio`, `borrado`, `descripcion`, `imagen`, `comision`, `cantidad`) VALUES (75, 'Felipe', 1, 1000, 0, '', 'imagenes/Sin_foto.png', 0.5, 0);
INSERT INTO `productos` (`id`, `nombre`, `categoria_id`, `precio`, `borrado`, `descripcion`, `imagen`, `comision`, `cantidad`) VALUES (76, 'Felipe', 1, 1000, 0, '', 'imagenes/Sin_foto.png', 0.5, 0);
INSERT INTO `productos` (`id`, `nombre`, `categoria_id`, `precio`, `borrado`, `descripcion`, `imagen`, `comision`, `cantidad`) VALUES (77, 'Felipe', 1, 1000, 0, '', 'imagenes/Sin_foto.png', 0.5, 0);
INSERT INTO `productos` (`id`, `nombre`, `categoria_id`, `precio`, `borrado`, `descripcion`, `imagen`, `comision`, `cantidad`) VALUES (78, 'Felipe', 1, 1000, 0, '', 'imagenes/Sin_foto.png', 0.5, 0);
INSERT INTO `productos` (`id`, `nombre`, `categoria_id`, `precio`, `borrado`, `descripcion`, `imagen`, `comision`, `cantidad`) VALUES (79, 'Felipe', 1, 1000, 0, '', 'imagenes/Sin_foto.png', 0.5, 0);
INSERT INTO `productos` (`id`, `nombre`, `categoria_id`, `precio`, `borrado`, `descripcion`, `imagen`, `comision`, `cantidad`) VALUES (80, 'Felipe', 1, 1000, 0, '', 'imagenes/Sin_foto.png', 0.5, 0);
INSERT INTO `productos` (`id`, `nombre`, `categoria_id`, `precio`, `borrado`, `descripcion`, `imagen`, `comision`, `cantidad`) VALUES (81, 'Felipe', 1, 1000, 0, '', 'imagenes/Sin_foto.png', 0.5, 0);
INSERT INTO `productos` (`id`, `nombre`, `categoria_id`, `precio`, `borrado`, `descripcion`, `imagen`, `comision`, `cantidad`) VALUES (82, 'Felipe', 1, 1000, 0, '', 'imagenes/Sin_foto.png', 0.5, 0);
INSERT INTO `productos` (`id`, `nombre`, `categoria_id`, `precio`, `borrado`, `descripcion`, `imagen`, `comision`, `cantidad`) VALUES (83, 'Felipe', 1, 1000, 0, '', 'imagenes/Sin_foto.png', 0.5, 0);
INSERT INTO `productos` (`id`, `nombre`, `categoria_id`, `precio`, `borrado`, `descripcion`, `imagen`, `comision`, `cantidad`) VALUES (84, 'Felipe', 1, 1000, 0, '', 'imagenes/Sin_foto.png', 0.5, 0);
INSERT INTO `productos` (`id`, `nombre`, `categoria_id`, `precio`, `borrado`, `descripcion`, `imagen`, `comision`, `cantidad`) VALUES (85, 'Felipe', 1, 1000, 0, '', 'imagenes/Sin_foto.png', 0.5, 0);
INSERT INTO `productos` (`id`, `nombre`, `categoria_id`, `precio`, `borrado`, `descripcion`, `imagen`, `comision`, `cantidad`) VALUES (86, 'Felipe', 1, 1000, 0, '', 'imagenes/Sin_foto.png', 0.5, 0);
INSERT INTO `productos` (`id`, `nombre`, `categoria_id`, `precio`, `borrado`, `descripcion`, `imagen`, `comision`, `cantidad`) VALUES (87, 'Felipe', 1, 1000, 0, '', 'imagenes/Sin_foto.png', 0.5, 0);
INSERT INTO `productos` (`id`, `nombre`, `categoria_id`, `precio`, `borrado`, `descripcion`, `imagen`, `comision`, `cantidad`) VALUES (88, 'Felipe', 1, 1000, 0, '', 'imagenes/Sin_foto.png', 0.5, 0);
INSERT INTO `productos` (`id`, `nombre`, `categoria_id`, `precio`, `borrado`, `descripcion`, `imagen`, `comision`, `cantidad`) VALUES (89, 'Felipe', 1, 1000, 0, '', 'imagenes/Sin_foto.png', 0.5, 0);
INSERT INTO `productos` (`id`, `nombre`, `categoria_id`, `precio`, `borrado`, `descripcion`, `imagen`, `comision`, `cantidad`) VALUES (90, 'Felipe', 1, 1000, 0, '', 'imagenes/Sin_foto.png', 0.5, 0);
INSERT INTO `productos` (`id`, `nombre`, `categoria_id`, `precio`, `borrado`, `descripcion`, `imagen`, `comision`, `cantidad`) VALUES (91, 'Felipe', 1, 1000, 0, '', 'imagenes/Sin_foto.png', 0.5, 0);
INSERT INTO `productos` (`id`, `nombre`, `categoria_id`, `precio`, `borrado`, `descripcion`, `imagen`, `comision`, `cantidad`) VALUES (92, 'Felipe', 1, 1000, 0, '', 'imagenes/Sin_foto.png', 0.5, 0);
INSERT INTO `productos` (`id`, `nombre`, `categoria_id`, `precio`, `borrado`, `descripcion`, `imagen`, `comision`, `cantidad`) VALUES (93, 'Felipe', 1, 1000, 0, '', 'imagenes/Sin_foto.png', 0.5, 0);
INSERT INTO `productos` (`id`, `nombre`, `categoria_id`, `precio`, `borrado`, `descripcion`, `imagen`, `comision`, `cantidad`) VALUES (94, 'Felipe', 1, 1000, 0, '', 'imagenes/Sin_foto.png', 0.5, 0);
INSERT INTO `productos` (`id`, `nombre`, `categoria_id`, `precio`, `borrado`, `descripcion`, `imagen`, `comision`, `cantidad`) VALUES (95, 'Felipe', 1, 1000, 0, '', 'imagenes/Sin_foto.png', 0.5, 0);
INSERT INTO `productos` (`id`, `nombre`, `categoria_id`, `precio`, `borrado`, `descripcion`, `imagen`, `comision`, `cantidad`) VALUES (96, 'Felipe', 1, 1000, 0, '', 'imagenes/Sin_foto.png', 0.5, 0);
INSERT INTO `productos` (`id`, `nombre`, `categoria_id`, `precio`, `borrado`, `descripcion`, `imagen`, `comision`, `cantidad`) VALUES (97, 'Felipe', 1, 1000, 0, '', 'imagenes/Sin_foto.png', 0.5, 0);
INSERT INTO `productos` (`id`, `nombre`, `categoria_id`, `precio`, `borrado`, `descripcion`, `imagen`, `comision`, `cantidad`) VALUES (98, 'Felipe', 1, 1000, 0, '', 'imagenes/Sin_foto.png', 0.5, 0);
INSERT INTO `productos` (`id`, `nombre`, `categoria_id`, `precio`, `borrado`, `descripcion`, `imagen`, `comision`, `cantidad`) VALUES (99, 'Felipe', 1, 1000, 0, '', 'imagenes/Sin_foto.png', 0.5, 0);
INSERT INTO `productos` (`id`, `nombre`, `categoria_id`, `precio`, `borrado`, `descripcion`, `imagen`, `comision`, `cantidad`) VALUES (100, 'Felipe', 1, 1000, 0, '', 'imagenes/Sin_foto.png', 0.5, 0);
INSERT INTO `productos` (`id`, `nombre`, `categoria_id`, `precio`, `borrado`, `descripcion`, `imagen`, `comision`, `cantidad`) VALUES (101, 'Felipe', 1, 1000, 0, '', 'imagenes/Sin_foto.png', 0.5, 0);
INSERT INTO `productos` (`id`, `nombre`, `categoria_id`, `precio`, `borrado`, `descripcion`, `imagen`, `comision`, `cantidad`) VALUES (102, 'Felipe', 1, 1000, 0, '', 'imagenes/Sin_foto.png', 0.5, 0);
INSERT INTO `productos` (`id`, `nombre`, `categoria_id`, `precio`, `borrado`, `descripcion`, `imagen`, `comision`, `cantidad`) VALUES (103, 'Felipe', 1, 1000, 0, '', 'imagenes/Sin_foto.png', 0.5, 0);
INSERT INTO `productos` (`id`, `nombre`, `categoria_id`, `precio`, `borrado`, `descripcion`, `imagen`, `comision`, `cantidad`) VALUES (104, 'Felipe', 1, 1000, 0, '', 'imagenes/Sin_foto.png', 0.5, 0);
INSERT INTO `productos` (`id`, `nombre`, `categoria_id`, `precio`, `borrado`, `descripcion`, `imagen`, `comision`, `cantidad`) VALUES (105, 'Felipe', 1, 1000, 0, '', 'imagenes/Sin_foto.png', 0.5, 0);
INSERT INTO `productos` (`id`, `nombre`, `categoria_id`, `precio`, `borrado`, `descripcion`, `imagen`, `comision`, `cantidad`) VALUES (106, 'Felipe', 1, 1000, 0, '', 'imagenes/Sin_foto.png', 0.5, 0);
INSERT INTO `productos` (`id`, `nombre`, `categoria_id`, `precio`, `borrado`, `descripcion`, `imagen`, `comision`, `cantidad`) VALUES (107, 'Felipe', 1, 1000, 0, '', 'imagenes/Sin_foto.png', 0.5, 0);
INSERT INTO `productos` (`id`, `nombre`, `categoria_id`, `precio`, `borrado`, `descripcion`, `imagen`, `comision`, `cantidad`) VALUES (108, 'Felipe', 1, 1000, 0, '', 'imagenes/Sin_foto.png', 0.5, 0);
INSERT INTO `productos` (`id`, `nombre`, `categoria_id`, `precio`, `borrado`, `descripcion`, `imagen`, `comision`, `cantidad`) VALUES (109, 'Felipe', 1, 1000, 0, '', 'imagenes/Sin_foto.png', 0.5, 0);
INSERT INTO `productos` (`id`, `nombre`, `categoria_id`, `precio`, `borrado`, `descripcion`, `imagen`, `comision`, `cantidad`) VALUES (110, 'Felipe', 1, 1000, 0, '', 'imagenes/Sin_foto.png', 0.5, 0);
INSERT INTO `productos` (`id`, `nombre`, `categoria_id`, `precio`, `borrado`, `descripcion`, `imagen`, `comision`, `cantidad`) VALUES (111, 'Felipe', 1, 1000, 0, '', 'imagenes/Sin_foto.png', 0.5, 0);
INSERT INTO `productos` (`id`, `nombre`, `categoria_id`, `precio`, `borrado`, `descripcion`, `imagen`, `comision`, `cantidad`) VALUES (112, 'Felipe', 1, 1000, 0, '', 'imagenes/Sin_foto.png', 0.5, 0);
INSERT INTO `productos` (`id`, `nombre`, `categoria_id`, `precio`, `borrado`, `descripcion`, `imagen`, `comision`, `cantidad`) VALUES (113, 'Felipe', 1, 1000, 0, '', 'imagenes/Sin_foto.png', 0.5, 0);
INSERT INTO `productos` (`id`, `nombre`, `categoria_id`, `precio`, `borrado`, `descripcion`, `imagen`, `comision`, `cantidad`) VALUES (114, 'Felipe', 1, 1000, 0, '', 'imagenes/Sin_foto.png', 0.5, 0);
INSERT INTO `productos` (`id`, `nombre`, `categoria_id`, `precio`, `borrado`, `descripcion`, `imagen`, `comision`, `cantidad`) VALUES (115, 'Felipe', 1, 1000, 0, '', 'imagenes/Sin_foto.png', 0.5, 0);
INSERT INTO `productos` (`id`, `nombre`, `categoria_id`, `precio`, `borrado`, `descripcion`, `imagen`, `comision`, `cantidad`) VALUES (116, 'Felipe', 1, 1000, 0, '', 'imagenes/Sin_foto.png', 0.5, 0);
INSERT INTO `productos` (`id`, `nombre`, `categoria_id`, `precio`, `borrado`, `descripcion`, `imagen`, `comision`, `cantidad`) VALUES (117, 'Felipe', 1, 1000, 0, '', 'imagenes/Sin_foto.png', 0.5, 0);
INSERT INTO `productos` (`id`, `nombre`, `categoria_id`, `precio`, `borrado`, `descripcion`, `imagen`, `comision`, `cantidad`) VALUES (118, 'Felipe', 1, 1000, 0, '', 'imagenes/Sin_foto.png', 0.5, 0);
INSERT INTO `productos` (`id`, `nombre`, `categoria_id`, `precio`, `borrado`, `descripcion`, `imagen`, `comision`, `cantidad`) VALUES (119, 'Felipe', 1, 1000, 0, '', 'imagenes/Sin_foto.png', 0.5, 0);
INSERT INTO `productos` (`id`, `nombre`, `categoria_id`, `precio`, `borrado`, `descripcion`, `imagen`, `comision`, `cantidad`) VALUES (120, 'Felipe', 1, 1000, 0, '', 'imagenes/Sin_foto.png', 0.5, 0);
INSERT INTO `productos` (`id`, `nombre`, `categoria_id`, `precio`, `borrado`, `descripcion`, `imagen`, `comision`, `cantidad`) VALUES (121, 'Felipe', 1, 1000, 0, '', 'imagenes/Sin_foto.png', 0.5, 0);
INSERT INTO `productos` (`id`, `nombre`, `categoria_id`, `precio`, `borrado`, `descripcion`, `imagen`, `comision`, `cantidad`) VALUES (122, 'Felipe', 1, 1000, 0, '', 'imagenes/Sin_foto.png', 0.5, 0);
INSERT INTO `productos` (`id`, `nombre`, `categoria_id`, `precio`, `borrado`, `descripcion`, `imagen`, `comision`, `cantidad`) VALUES (123, 'Felipe', 1, 1000, 1, '', 'imagenes/Sin_foto.png', 0.5, 0);
INSERT INTO `productos` (`id`, `nombre`, `categoria_id`, `precio`, `borrado`, `descripcion`, `imagen`, `comision`, `cantidad`) VALUES (124, 'Felipe', 1, 1000, 1, '', 'imagenes/Sin_foto.png', 0.5, 0);
INSERT INTO `productos` (`id`, `nombre`, `categoria_id`, `precio`, `borrado`, `descripcion`, `imagen`, `comision`, `cantidad`) VALUES (125, 'Felipe', 1, 1000, 1, '', 'imagenes/Sin_foto.png', 0.5, 0);
INSERT INTO `productos` (`id`, `nombre`, `categoria_id`, `precio`, `borrado`, `descripcion`, `imagen`, `comision`, `cantidad`) VALUES (126, 'Felipe', 1, 1000, 1, '', 'imagenes/Sin_foto.png', 0.5, 0);
INSERT INTO `productos` (`id`, `nombre`, `categoria_id`, `precio`, `borrado`, `descripcion`, `imagen`, `comision`, `cantidad`) VALUES (127, 'Felipe', 1, 1000, 1, '', 'imagenes/Sin_foto.png', 0.5, 0);
INSERT INTO `productos` (`id`, `nombre`, `categoria_id`, `precio`, `borrado`, `descripcion`, `imagen`, `comision`, `cantidad`) VALUES (128, 'Muchote', 2, 1000, 0, 'muchote...', 'imagenes/Sin_foto.png', 0.2, 50);
COMMIT;


/* Data for table "roles" */
INSERT INTO `roles` (`id`, `nombre`) VALUES (1, 'Administrador');
INSERT INTO `roles` (`id`, `nombre`) VALUES (2, 'Supervisor');
INSERT INTO `roles` (`id`, `nombre`) VALUES (5, 'Vendedor');
COMMIT;


/* Data for table "usuarios" */
INSERT INTO `usuarios` (`id`, `nombre`, `username`, `password`, `rol_id`, `supervisor_id`, `borrado`, `fecha_nac`, `telefono`, `celular`, `direccion`, `barrio_id`, `apellido`, `email`) VALUES (1, 'Pepe', 'pepe', '12345', 1, NULL, 0, NULL, '555555', '098153555', 'Capilla del Monte...', 1, 'Perez', '');
INSERT INTO `usuarios` (`id`, `nombre`, `username`, `password`, `rol_id`, `supervisor_id`, `borrado`, `fecha_nac`, `telefono`, `celular`, `direccion`, `barrio_id`, `apellido`, `email`) VALUES (2, 'Bobito', 'bob', 'bobo', 5, NULL, 0, NULL, '5555555', '0981555555', 'Lejito', 1, 'Esponga', 'bob@esponga.com');
INSERT INTO `usuarios` (`id`, `nombre`, `username`, `password`, `rol_id`, `supervisor_id`, `borrado`, `fecha_nac`, `telefono`, `celular`, `direccion`, `barrio_id`, `apellido`, `email`) VALUES (3, 'Homero', 'homero', 'cc3f247ce70988851225368c202d9ad8', 5, NULL, 0, NULL, '5555555', '09812345', 'Calle Siempre Viva', 2, 'Simpson', 'homer@fox.com');
INSERT INTO `usuarios` (`id`, `nombre`, `username`, `password`, `rol_id`, `supervisor_id`, `borrado`, `fecha_nac`, `telefono`, `celular`, `direccion`, `barrio_id`, `apellido`, `email`) VALUES (4, 'Usuario3', 'usr3', 'usr3', 5, NULL, 0, NULL, '2222222', '3333333', 'Lejiutp', 1, 'Tercero', 'usr@gmail.com');
INSERT INTO `usuarios` (`id`, `nombre`, `username`, `password`, `rol_id`, `supervisor_id`, `borrado`, `fecha_nac`, `telefono`, `celular`, `direccion`, `barrio_id`, `apellido`, `email`) VALUES (5, 'Don Administrador', 'adm', 'adm', 1, NULL, 0, NULL, '33333', '09812345', 'Cerquita', 3, 'del Mundo', '');
INSERT INTO `usuarios` (`id`, `nombre`, `username`, `password`, `rol_id`, `supervisor_id`, `borrado`, `fecha_nac`, `telefono`, `celular`, `direccion`, `barrio_id`, `apellido`, `email`) VALUES (6, 'Felipe', 'feli', 'feli', 5, NULL, 0, NULL, '5555555', '6666666', 'Lejitos', 3, 'Perez', 'felipe@gmial.com');
INSERT INTO `usuarios` (`id`, `nombre`, `username`, `password`, `rol_id`, `supervisor_id`, `borrado`, `fecha_nac`, `telefono`, `celular`, `direccion`, `barrio_id`, `apellido`, `email`) VALUES (7, 'NewUser', 'new', 'new', 5, NULL, 0, NULL, '5555555', '6666666', 'Lejito', 3, 'Nuevito', 'new@user.com');
INSERT INTO `usuarios` (`id`, `nombre`, `username`, `password`, `rol_id`, `supervisor_id`, `borrado`, `fecha_nac`, `telefono`, `celular`, `direccion`, `barrio_id`, `apellido`, `email`) VALUES (8, 'Carlos Antonio', 'carlitos', '86c06093b9c9351bcea13ba73dcf9502', 1, NULL, 0, NULL, '444444', '333333', 'Cerquita', 3, 'Lopez', 'carlitos@gmail.com');
INSERT INTO `usuarios` (`id`, `nombre`, `username`, `password`, `rol_id`, `supervisor_id`, `borrado`, `fecha_nac`, `telefono`, `celular`, `direccion`, `barrio_id`, `apellido`, `email`) VALUES (9, 'Loco', 'loco', '4c193eb3ec2ce5f02b29eba38621bea1', 2, NULL, 0, NULL, '5555666', '99888', 'Lejos', 2, 'Lindo', 'lindo@loco.com');
COMMIT;


/* Data for table "vendedores_tienen_clientes" */
COMMIT;


/* Data for table "vendedor_tiene_productos" */
COMMIT;
